,location,condition,hash,res.0.2,TRBV,TRB_CDR3,TRBJ,CDR3_junction,TRAV,TRA_CDR3,TRA_nuc,TRAJ,n,cluster
1,Flank,tdLN,HTO5,1,TRBV13-2,CASGDWGGGDTQYF,TRBJ2-5,GCCAGCGGTGACTGGGGGGGAGGAGACACCCAGTAC,TRAV9D-4*04,CAVAGNYKYVF,TGTGCTGTGGCAGGAAACTACAAATACGTCTTT,TRAJ40*01,3,1
2,Lung,tdLN,HTO1,1,TRBV13-2,CASGDWGGGDTQYF,TRBJ2-5,GCCAGCGGTGACTGGGGGGGTGGAGACACCCAGTAC,TRAV1*01,NA,NA,,1,1
3,Lung,tdLN,HTO5,1,TRBV13-2,CASGDWGGGDTQYF,TRBJ2-5,GCCAGCGGTGATTGGGGGGGCGGGGACACCCAGTAC,TRAV1*01,NA,NA,,3,1
4,Flank,tdLN,HTO3,1,TRBV19,CASSIGDNYAEQFF,TRBJ2-1,GCCAGCAGTATAGGCGACAACTATGCTGAGCAGTTC,TRAV6-5*01,TRAV6-5*02,TRAV6-5*04,CALSDWTQVVGQLTF,TGTGCTCTGAGTGATTGGACACAGGTTGTGGGGCAGCTCACTTTC,TRAJ5*01,2,1
5,Flank,tdLN,HTO5,1,TRBV19,CASSIGDNYAEQFF,TRBJ2-1,GCCAGCAGTATAGGGGACAACTATGCTGAGCAGTTC,TRAV1*01,NA,NA,,3,1
6,Lung,tdLN,HTO1,1,TRBV19,CASSIGDNYAEQFF,TRBJ2-1,GCCAGCAGTATTGGGGACAACTATGCTGAGCAGTTC,TRAV1*01,NA,NA,,2,1
7,Flank,tdLN,HTO1,1,TRBV12-1,CASSPGTGNEQYF,TRBJ2-7,GCCAGCTCTCCCGGGACAGGGAATGAACAGTAC,TRAV16D/DV11*01,TRAV16N*01,CAMREYNTNTGKLTF,TGTGCTATGAGAGAGTATAACACCAATACAGGCAAATTAACCTTT,TRAJ27*01,2,1
8,Lung,tdLN,HTO3,0,TRBV12-1,CASSPGTGNEQYF,TRBJ2-7,GCCAGCTCTCCCGGGACAGGGAATGAACAGTAC,TRAV1*01,NA,NA,,2,0
9,Lung,tdLN,HTO4,3,TRBV12-1,CASSPGTGNEQYF,TRBJ2-7,GCCAGCTCCCCCGGGACAGGGAATGAACAGTAC,TRAV1*01,NA,NA,,1,3
10,Flank,tdLN,HTO1,1,TRBV1,CTCSADGDTQYF,TRBJ2-5,ACCTGCAGTGCAGACGGGGACACCCAGTAC,TRAV13N-1*01,CAANITTMPHD,TGTGCTATAACGGGAGGGTCTGCGAAGCTCATCTTT,TRAJ43*01,5,1
11,Flank,tdLN,HTO3,1,TRBV1,CTCSADGDTQYF,TRBJ2-5,ACCTGCAGTGCAGACGGGGACACCCAGTAC,TRAV1*01,NA,NA,,3,1
12,Flank,tdLN,HTO4,1,TRBV1,CTCSADGDTQYF,TRBJ2-5,ACCTGCAGTGCAGATGGAGACACCCAGTAC,TRAV13N-1*01,CALTGGNNKLTF,TGTGCTTTAACTGGAGGCAATAATAAGCTGACTTTT,TRAJ56*01,3,1
13,Flank,tdLN,HTO5,1,TRBV1,CTCSADGDTQYF,TRBJ2-5,ACCTGCAGTGCAGATGGGGACACCCAGTAC,TRAV1*01,NA,NA,,1,1
14,Lung,tdLN,HTO1,1,TRBV1,CTCSADGDTQYF,TRBJ2-5,ACCTGCAGTGCAGATGGAGACACCCAGTAC,TRAV1*01,NA,NA,,2,1
15,Lung,tdLN,HTO2,0,TRBV1,CTCSADGDTQYF,TRBJ2-5,ACCTGCAGTGCAGATGGGGACACCCAGTAC,TRAV13N-1*01,CAMGGSNAKLTF,TGTGCTATGGGGGGAAGCAATGCAAAGCTAACCTTC,TRAJ42*01,5,1
16,Lung,tdLN,HTO2,1,TRBV1,CTCSADGDTQYF,TRBJ2-5,ACCTGCAGTGCAGATGGTGACACCCAGTAC,TRAV13-2*01,TRAV13N-2*01,CAMNTNKVVF,TGTGCTATGAATACCAACAAAGTCGTCTTT,TRAJ34*02,8,1
